Town,Bdrs,median_ownership_per_bed,own_listings
"Abington, MA",3,1288.7083333333335,76
"Abington, MA",4,1161.1458333333335,53
"Abington, MA",5,948.5416666666667,7
"Abington, MA",7,1308.239880952381,1
"Acton, MA",3,1482.7777777777778,63
"Acton, MA",4,1516.8489583333335,104
"Acton, MA",5,1570.0,18
"Acton, MA",6,851.5069444444446,1
"Acushnet, MA",3,1150.2430555555557,83
"Acushnet, MA",4,1060.9765625,38
"Acushnet, MA",5,782.3833333333333,5
"Acushnet, MA",6,632.3611111111112,1
"Adams, MA",3,574.5763888888889,6
"Adams, MA",4,449.73958333333337,1
"Agawam, MA",3,785.0,211
"Agawam, MA",4,735.9375,102
"Agawam, MA",5,607.9255875,12
"Agawam, MA",6,498.8020833333334,8
"Agawam, MA",7,911.1607142857144,1
"Amesbury, MA",3,1384.6527777777778,89
"Amesbury, MA",4,1381.109375,50
"Amesbury, MA",5,1076.1041666666667,7
"Amesbury, MA",6,948.5416666666666,2
"Amherst, MA",3,1069.0173611111113,78
"Amherst, MA",4,1039.3072916666667,90
"Amherst, MA",5,1016.0516666666666,24
"Amherst, MA",6,816.6180555555557,3
"Andover, MA",3,1561.2777777777778,68
"Andover, MA",4,1529.1145833333335,116
"Andover, MA",5,1448.9791666666667,28
"Andover, MA",6,1713.9166666666667,1
"Andover, MA",7,1691.4880952380954,2
"Arlington, MA",3,1637.5972222222224,11
"Arlington, MA",4,1619.0625,23
"Arlington, MA",5,1779.3333333333335,2
"Arlington, MA",6,1526.3888888888891,5
"Ashburnham, MA",3,1035.7638888888891,83
"Ashburnham, MA",4,964.8958333333334,25
"Ashburnham, MA",5,706.5,3
"Ashby, MA",3,1079.375,39
"Ashby, MA",4,997.6041666666667,11
"Ashby, MA",5,948.5416666666667,1
"Ashfield, MA",3,1040.125,8
"Ashfield, MA",4,1122.366015625,2
"Ashland, MA",3,1362.8472222222224,101
"Ashland, MA",4,1332.8645833333335,54
"Ashland, MA",5,1267.775,13
"Ashland, MA",6,1281.0763888888891,1
"Athol, MA",3,803.9708333333334,118
"Athol, MA",4,629.6354166666667,21
"Athol, MA",5,699.9583333333334,1
"Attleboro, MA",3,1144.7916666666667,278
"Attleboro, MA",4,1081.4192708333335,130
"Attleboro, MA",5,843.875,17
"Attleboro, MA",6,778.4583333333333,13
"Attleboro, MA",7,803.6904761904763,1
"Auburn, MA",3,1035.7638888888891,148
"Auburn, MA",4,919.921875,80
"Auburn, MA",5,837.3333333333334,12
"Auburn, MA",7,1121.4285714285713,1
"Avon, MA",3,1226.5625000000002,28
"Avon, MA",4,1146.4254479166668,9
"Ayer, MA",3,1253.8194444444446,53
"Ayer, MA",4,1349.21875,31
"Ayer, MA",5,1053.2083333333335,8
"Barnstable, MA",3,1395.5555555555559,358
"Barnstable, MA",4,1216.75,71
"Barnstable, MA",5,968.1666666666667,15
"Barnstable, MA",6,801.8993055555557,1
"Barre, MA",3,902.2048611111113,36
"Barre, MA",4,817.7083333333333,13
"Barre, MA",5,641.0179166666667,4
"Barre, MA",6,624.1840277777778,2
"Becket, MA",3,839.5138888888889,11
"Becket, MA",4,1030.3125,1
"Becket, MA",5,1771.15625,1
"Bedford, MA",3,1631.0555555555559,25
"Bedford, MA",4,1562.640625,34
"Bedford, MA",5,1409.075,17
"Bedford, MA",6,1281.0763888888891,1
"Bedford, MA",7,869.0136904761904,1
"Belchertown, MA",3,1003.0555555555558,109
"Belchertown, MA",4,899.4791666666667,47
"Belchertown, MA",5,719.4525000000001,3
"Belchertown, MA",6,687.9652777777779,1
"Bellingham, MA",3,1105.5416666666667,105
"Bellingham, MA",4,1193.8541666666667,65
"Bellingham, MA",5,827.5208333333333,5
"Bellingham, MA",6,1308.3333333333335,1
"Belmont, MA",3,1679.0277777777778,1
"Belmont, MA",4,1610.8854166666665,3
"Belmont, MA",5,1700.8333333333335,3
"Belmont, MA",6,1700.8333333333335,3
"Belmont, MA",7,1357.3958333333335,3
"Berkley, MA",3,1289.7986111111113,48
"Berkley, MA",4,1063.0208333333335,19
"Berkley, MA",5,1265.8125,2
"Berlin, MA",3,1306.1527777777778,5
"Berlin, MA",4,1597.3932291666667,12
"Berlin, MA",7,1579.345238095238,1
"Bernardston, MA",3,937.638888888889,13
"Bernardston, MA",4,831.180078125,4
"Beverly, MA",3,1480.5972222222222,96
"Beverly, MA",4,1308.3333333333335,63
"Beverly, MA",5,1410.3833333333334,12
"Beverly, MA",6,1061.1815347222223,3
"Billerica, MA",3,1439.1666666666667,107
"Billerica, MA",4,1308.3333333333335,60
"Billerica, MA",5,1112.0833333333335,15
"Billerica, MA",6,940.4190972222223,4
"Billerica, MA",7,817.7083333333333,1
"Blackstone, MA",3,965.9861111111112,31
"Blackstone, MA",4,924.0104166666667,15
"Blackstone, MA",5,713.0416666666667,3
"Blandford, MA",3,937.638888888889,5
"Bolton, MA",3,1540.0173611111113,16
"Bolton, MA",4,1430.9895833333335,19
"Bolton, MA",5,1494.7708333333335,4
"Boston, MA",3,1373.75,35
"Boston, MA",4,1210.2083333333335,20
"Boston, MA",5,1334.5,5
"Boston, MA",6,963.5329861111112,6
"Boston, MA",7,775.6547619047619,2
"Boston, MA : Allston",3,1673.03125,1
"Boston, MA : Brighton",3,1242.9166666666667,5
"Boston, MA : Brighton",4,1717.1875,7
"Boston, MA : Brighton",5,1517.6666666666667,7
"Boston, MA : Brighton",6,1179.135416666667,2
"Boston, MA : Brighton",7,1429.8214285714287,3
"Boston, MA : Charlestown's Navy Yard",3,992.1527777777777,1
"Boston, MA : Chestnut Hill",3,1617.9722222222224,1
"Boston, MA : Dorchester",3,1471.6569444444444,21
"Boston, MA : Dorchester",4,1189.765625,10
"Boston, MA : Dorchester",5,1066.2916666666667,6
"Boston, MA : Dorchester",6,1000.3298611111112,2
"Boston, MA : Dorchester",7,1355.0595238095239,1
"Boston, MA : Dorchester's Ashmont",3,1537.291666666667,4
"Boston, MA : Dorchester's Ashmont",4,1525.0260416666667,2
"Boston, MA : Dorchester's Ashmont",5,1527.4791666666667,2
"Boston, MA : Dorchester's Dorchester Center",3,1308.3311527777778,3
"Boston, MA : Dorchester's Dorchester Center",6,1417.3611111111113,1
"Boston, MA : Dorchester's Grove Hall",3,1277.8055555555559,1
"Boston, MA : Dorchester's Grove Hall",6,634.3764895833334,2
"Boston, MA : Dorchester's Lower Mills",3,1585.2638888888891,2
"Boston, MA : Dorchester's Lower Mills",6,1188.4027777777778,1
"Boston, MA : Dorchester's Meeting House Hill",3,1112.0833333333335,1
"Boston, MA : Dorchester's Meeting House Hill",6,1346.4930555555559,1
"Boston, MA : Dorchester's Neponset",3,1291.9791666666667,2
"Boston, MA : Dorchester's Neponset",4,1545.46875,2
"Boston, MA : Dorchester's Neponset",5,1202.3583333333333,1
"Boston, MA : Dorchester's Uphams Corner",3,1090.0597222222223,1
"Boston, MA : East Boston",3,1613.6111111111113,7
"Boston, MA : East Boston",4,1779.3333333333335,1
"Boston, MA : East Boston",6,1172.0486111111113,1
"Boston, MA : East Boston's Eagle Hill",3,1221.1111111111113,1
"Boston, MA : East Boston's Eagle Hill",6,1471.875,1
"Boston, MA : East Boston's Jeffries Point",3,1744.4444444444448,1
"Boston, MA : East Boston's Jeffries Point",4,1355.7604166666667,1
"Boston, MA : East Boston's Jeffries Point",6,1564.510451388889,1
"Boston, MA : East Boston's Orient Heights",3,1476.2361111111113,1
"Boston, MA : Hyde Park",3,1351.9444444444446,25
"Boston, MA : Hyde Park",4,1034.4010416666667,12
"Boston, MA : Hyde Park",5,1308.3333333333335,4
"Boston, MA : Hyde Park",6,1076.6493055555557,2
"Boston, MA : Hyde Park's Fairmount",3,1613.6111111111113,5
"Boston, MA : Hyde Park's Fairmount",4,1308.3333333333335,5
"Boston, MA : Hyde Park's Fairmount",7,971.904761904762,1
"Boston, MA : Hyde Park's Readville",3,1428.2638888888891,4
"Boston, MA : Hyde Park's Readville",4,1242.9166666666667,4
"Boston, MA : Hyde Park's Readville",6,948.5416666666667,3
"Boston, MA : Jamaica Plain",3,1684.4791666666667,3
"Boston, MA : Jamaica Plain",6,1499.1319444444446,2
"Boston, MA : Mattapan",3,1275.625,9
"Boston, MA : Mattapan",4,1063.0208333333335,5
"Boston, MA : Mattapan",5,1151.3333333333335,1
"Boston, MA : Mattapan",6,1114.8090277777778,2
"Boston, MA : Roslindale",3,1633.2361111111113,19
"Boston, MA : Roslindale",4,1471.875,11
"Boston, MA : Roslindale",5,1282.13265,3
"Boston, MA : Roslindale",6,992.1527777777777,1
"Boston, MA : Roslindale",7,864.4345238095237,1
"Boston, MA : Roxbury",3,1559.0972222222224,5
"Boston, MA : Roxbury's Fort Hill",4,1128.4375,1
"Boston, MA : Roxbury's Fort Hill",5,602.9676583333332,1
"Boston, MA : South Boston",3,1570.0,3
"Boston, MA : South Boston",4,1798.9583333333335,1
"Boston, MA : South Boston",6,1090.2777777777778,1
"Boston, MA : South Boston",7,1401.7857142857142,2
"Boston, MA : South Boston's City Point",3,1286.5277777777778,1
"Boston, MA : West Roxbury",3,1580.357638888889,66
"Boston, MA : West Roxbury",4,1410.546875,44
"Boston, MA : West Roxbury",5,1311.6041666666667,13
"Boston, MA : West Roxbury",6,1226.5625,1
"Boston, MA : West Roxbury's Bellevue Hill",3,1466.4236111111113,2
"Boston, MA : West Roxbury's Bellevue Hill",4,1619.0625,2
"Boston, MA : West Roxbury's Bellevue Hill",5,1576.5416666666667,2
"Boston, MA : West Roxbury's Chestnut Hill",5,1236.375,1
"Bourne, MA",3,1297.4305555555559,149
"Bourne, MA",4,1169.3229166666667,55
"Bourne, MA",5,1111.4291666666668,12
"Bourne, MA",6,846.0555555555557,1
"Boxborough, MA",3,1548.1944444444446,16
"Boxborough, MA",4,1464.515625,26
"Boxborough, MA",5,1635.4166666666665,1
"Boxford, MA",3,1373.1056458333335,18
"Boxford, MA",4,1455.5208333333335,50
"Boxford, MA",5,1373.75,5
"Boxford, MA",6,1428.2638888888891,1
"Boylston, MA",3,1264.7222222222224,31
"Boylston, MA",4,1136.6145833333335,18
"Boylston, MA",5,1360.6666666666667,3
"Boylston, MA",6,654.1666666666667,1
"Braintree, MA",3,1439.1666666666667,147
"Braintree, MA",4,1316.5104166666667,79
"Braintree, MA",5,1144.7916666666667,26
"Braintree, MA",6,996.513888888889,4
"Braintree, MA",7,906.4880952380953,1
"Brewster, MA",3,1515.4861111111113,47
"Brewster, MA",4,1287.890625,18
"Brewster, MA",5,1184.0416666666667,3
"Brewster, MA",6,973.9342361111111,3
"Bridgewater, MA",3,1286.5277777777778,165
"Bridgewater, MA",4,1226.5625,104
"Bridgewater, MA",5,899.4791666666667,10
"Bridgewater, MA",7,752.2916666666667,1
"Brimfield, MA",3,950.1770833333334,32
"Brimfield, MA",4,950.0953125000001,10
"Brimfield, MA",5,785.0,2
"Brockton, MA",3,1053.317361111111,507
"Brockton, MA",4,932.1875,204
"Brockton, MA",5,817.7083333333333,40
"Brockton, MA",6,792.4138888888889,10
"Brookfield, MA",3,948.5416666666667,24
"Brookfield, MA",4,952.5484375000001,8
"Brookfield, MA",5,471.0,1
"Brookline, MA",3,1564.5486111111113,6
"Brookline, MA",6,1744.4444444444448,1
"Buckland, MA",3,1090.2777777777778,9
"Buckland, MA",4,531.5104166666667,1
"Buckland, MA",5,515.4833333333333,4
"Burlington, MA",3,1591.8055555555559,85
"Burlington, MA",4,1357.3958333333335,73
"Burlington, MA",5,1432.625,23
"Burlington, MA",6,1209.6631944444446,4
"Burlington, MA",7,794.3452380952381,1
"Cambridge, MA",3,1695.3819444444448,2
"Cambridge, MA",4,1570.0,1
"Cambridge, MA",5,1413.0,1
"Canton, MA",3,1537.2916666666667,85
"Canton, MA",4,1381.9270833333335,49
"Canton, MA",5,1256.0,13
"Canton, MA",6,1553.6458333333333,4
"Carlisle, MA",3,1731.3611111111115,1
"Carlisle, MA",4,1565.9114583333335,10
"Carlisle, MA",5,1089.1875,4
"Carver, MA",3,1221.1111111111113,71
"Carver, MA",4,1113.3098958333335,36
"Carver, MA",5,922.9637500000001,4
"Charlemont, MA",3,986.7013888888889,8
"Charlemont, MA",4,1022.1354166666667,1
"Charlton, MA",3,1051.0277777777776,89
"Charlton, MA",4,1066.2916666666667,61
"Charlton, MA",5,817.7083333333333,7
"Charlton, MA",6,837.3327881944446,4
"Chatham, MA",3,1624.513888888889,16
"Chatham, MA",4,1365.5729166666667,10
"Chatham, MA",6,1417.3611111111113,1
"Chelmsford, MA",3,1460.9722222222224,221
"Chelmsford, MA",4,1308.3333333333335,142
"Chelmsford, MA",5,1144.7916666666667,26
"Chelmsford, MA",6,997.6041666666667,3
"Chelsea, MA",3,1434.8055555555557,32
"Chelsea, MA",4,1161.1458333333335,8
"Chelsea, MA",5,883.125,5
"Chelsea, MA",6,1204.7569444444446,4
"Cheshire, MA",3,1141.5208333333335,6
"Chester, MA",3,866.7708333333335,8
"Chester, MA",4,785.0,3
"Chester, MA",5,582.2083333333334,1
"Chester, MA",6,74.68402777777779,1
"Chesterfield, MA",3,943.0902777777778,12
"Chesterfield, MA",4,212.60416666666669,1
"Chesterfield, MA",5,897.5166666666667,1
"Chicopee, MA",3,708.6805555555557,316
"Chicopee, MA",4,572.3958333333334,103
"Chicopee, MA",5,516.7916666666667,8
"Chicopee, MA",6,457.3715277777778,10
"Chicopee, MA",7,467.26097023809524,1
"Clarksburg, MA",3,860.2291666666666,2
"Clarksburg, MA",4,711.40625,1
"Clinton, MA",3,1042.3055555555557,56
"Clinton, MA",4,850.4166666666667,17
"Clinton, MA",5,778.4583333333334,6
"Clinton, MA",6,734.8472222222224,2
"Cohasset, MA",3,1362.8472222222224,13
"Cohasset, MA",4,1308.3333333333335,9
"Cohasset, MA",5,1210.2083333333335,1
"Cohasset, MA",6,1417.3611111111113,1
"Colrain, MA",3,1035.7638888888891,7
"Colrain, MA",4,652.53125,2
"Colrain, MA",5,1046.6666666666667,1
"Concord, MA",3,1635.4166666666665,3
"Concord, MA",4,1676.3020833333335,26
"Concord, MA",5,1233.1041666666667,4
"Conway, MA",3,961.625,9
"Conway, MA",4,1008.234375,2
"Cummington, MA",3,927.8809027777778,9
"Dalton, MA",3,678.1527777777779,15
"Dalton, MA",4,614.9166666666667,7
"Dalton, MA",6,365.2430555555556,1
"Danvers, MA",3,1422.8125,116
"Danvers, MA",4,1308.3333333333335,67
"Danvers, MA",5,1177.5,13
"Danvers, MA",6,1308.3333333333335,3
"Dartmouth, MA",3,1242.9166666666667,161
"Dartmouth, MA",4,1193.8541666666667,75
"Dartmouth, MA",5,1071.525,15
"Dartmouth, MA",6,643.2638888888889,2
"Dedham, MA",3,1502.4027777777778,101
"Dedham, MA",4,1305.8802083333335,59
"Dedham, MA",5,1256.0,11
"Dedham, MA",6,1744.4444444444448,1
"Deerfield, MA",3,953.4239305555557,27
"Deerfield, MA",4,899.4791666666667,13
"Deerfield, MA",5,359.7916666666667,1
"Dennis, MA",3,1373.75,134
"Dennis, MA",4,1218.3854166666667,47
"Dennis, MA",5,1249.4583333333335,5
"Dennis, MA",6,861.3194444444443,3
"Devens, MA",3,1139.3402777777778,2
"Devens, MA",4,1193.8541666666667,2
"Dighton, MA",3,1248.3680555555557,66
"Dighton, MA",4,1006.5989583333334,25
"Dighton, MA",5,1066.2916666666667,4
"Douglas, MA",3,1090.2777777777778,96
"Douglas, MA",4,1112.0833333333335,41
"Douglas, MA",5,314.0,1
"Douglas, MA",6,940.3645833333334,2
"Dover, MA",3,1733.5416666666667,2
"Dover, MA",4,1594.53125,6
"Dover, MA",5,1687.75,1
"Dracut, MA",3,1238.5555555555557,171
"Dracut, MA",4,1161.1458333333335,121
"Dracut, MA",5,886.3958333333334,26
"Dracut, MA",6,899.4791666666667,7
"Dracut, MA",7,813.0357142857143,2
"Dudley, MA",3,948.5416666666667,101
"Dudley, MA",4,864.971875,39
"Dudley, MA",5,758.7025000000001,3
"Dudley, MA",6,381.5972222222223,1
"Dudley, MA",7,318.67261904761904,1
"Dunstable, MA",3,1517.1215277777778,10
"Dunstable, MA",4,1475.9643593750002,26
"Dunstable, MA",5,1358.05,2
"Dunstable, MA",6,1526.3888888888891,1
"Duxbury, MA",3,1576.541666666667,30
"Duxbury, MA",4,1471.875,57
"Duxbury, MA",5,1504.5833333333335,7
"East Bridgewater, MA",3,1297.321527777778,62
"East Bridgewater, MA",4,1242.9166666666667,43
"East Bridgewater, MA",5,870.0416666666667,6
"East Bridgewater, MA",6,1275.6250000000002,4
"East Brookfield, MA",3,915.8333333333334,21
"East Brookfield, MA",4,735.9375,9
"East Brookfield, MA",5,1177.5,1
"East Longmeadow, MA",3,828.6111111111112,129
"East Longmeadow, MA",4,735.9375,93
"East Longmeadow, MA",5,876.5833333333334,17
"East Longmeadow, MA",6,834.0625,1
"Eastham, MA",3,1600.5277777777778,31
"Eastham, MA",4,1354.9427083333335,13
"Eastham, MA",5,1471.875,1
"Eastham, MA",6,1294.7048611111113,2
"Easthampton, MA",3,926.7361111111112,113
"Easthampton, MA",4,832.4270833333333,27
"Easthampton, MA",5,995.6416666666667,3
"Easton, MA",3,1394.4652777777778,99
"Easton, MA",4,1390.1041666666667,88
"Easton, MA",5,1504.5833333333335,7
"Erving, MA",3,850.4166666666667,11
"Erving, MA",4,569.9427083333334,2
"Essex, MA",3,1515.4861111111113,6
"Essex, MA",4,1189.765625,2
"Essex, MA",5,1275.625,1
"Essex, MA",6,1744.4444444444448,1
"Everett, MA",3,1482.7777777777778,28
"Everett, MA",4,1308.3333333333335,13
"Everett, MA",5,961.625,5
"Everett, MA",6,1008.5069444444443,5
"Fairhaven, MA",3,1121.8958333333335,75
"Fairhaven, MA",4,920.4125,19
"Fairhaven, MA",5,1007.4166666666667,2
"Fairhaven, MA",6,828.6111111111113,2
"Fairhaven, MA",7,607.4404761904763,1
"Fall River, MA",3,985.6111111111112,321
"Fall River, MA",4,776.8229166666667,87
"Fall River, MA",5,748.3666666666667,17
"Fall River, MA",6,684.1493055555557,10
"Fall River, MA",7,607.4404761904763,3
"Falmouth, MA",3,1335.5902777777778,197
"Falmouth, MA",4,1180.1575520833335,122
"Falmouth, MA",5,1282.1666666666667,13
"Falmouth, MA",6,1185.6770833333335,1
"Fitchburg, MA",3,933.8229166666667,184
"Fitchburg, MA",4,768.6458333333334,67
"Fitchburg, MA",5,778.4583333333334,16
"Fitchburg, MA",6,547.8645833333335,6
"Fitchburg, MA",7,626.1309523809523,1
"Florida, MA",3,772.4618055555557,2
"Florida, MA",4,376.14583333333337,1
"Foxboro, MA",3,1373.75,92
"Foxboro, MA",4,1341.0416666666667,66
"Foxboro, MA",5,1534.0208333333335,6
"Foxboro, MA",6,773.5520833333333,1
"Foxboro, MA",7,1214.8809523809525,1
"Framingham, MA",3,1377.6204861111114,384
"Framingham, MA",4,1275.625,247
"Framingham, MA",5,1139.5583333333334,33
"Framingham, MA",6,894.0277777777778,8
"Franklin, MA",3,1341.0416666666667,125
"Franklin, MA",4,1349.21875,147
"Franklin, MA",5,1226.5625,24
"Franklin, MA",6,1360.1215277777778,4
"Freetown, MA",3,1299.6111111111113,62
"Freetown, MA",4,1068.3359375,22
"Freetown, MA",5,798.0833333333333,3
"Gardner, MA",3,910.6545138888889,118
"Gardner, MA",4,752.2916666666667,29
"Gardner, MA",5,683.6041666666667,2
"Gardner, MA",6,632.3611111111112,1
"Gardner, MA",7,415.8630952380953,1
"Georgetown, MA",3,1419.5416666666667,43
"Georgetown, MA",4,1471.875,41
"Georgetown, MA",5,1635.4166666666665,3
"Gill, MA",3,849.8715277777779,8
"Gill, MA",4,549.5,2
"Gill, MA",5,428.4791666666667,1
"Gill, MA",6,283.4722222222223,1
"Gill, MA",7,364.4642857142858,1
"Gloucester, MA",3,1521.9187500000003,50
"Gloucester, MA",4,1393.375,13
"Gloucester, MA",5,1271.0458333333333,2
"Gloucester, MA",6,1013.9583333333335,2
"Goshen, MA",3,1012.8680555555555,8
"Goshen, MA",4,654.1666666666667,1
"Grafton, MA",3,1242.698611111111,176
"Grafton, MA",4,1349.21875,79
"Grafton, MA",5,1233.0387500000002,12
"Grafton, MA",6,1064.1111111111113,2
"Granby, MA",3,817.7083333333333,41
"Granby, MA",4,952.6302083333334,16
"Granby, MA",5,634.5416666666667,1
"Granville, MA",3,870.0416666666667,9
"Granville, MA",4,707.3177083333334,6
"Granville, MA",6,468.8194444444445,1
"Great Barrington, MA",3,986.7013888888889,2
"Greenfield, MA",3,766.5743055555556,54
"Greenfield, MA",4,735.7739583333334,23
"Greenfield, MA",5,601.8333333333334,5
"Greenfield, MA",6,430.6597222222223,2
"Groton, MA",3,1387.2694444444446,58
"Groton, MA",4,1398.28125,71
"Groton, MA",5,1602.7083333333335,7
"Groton, MA",6,1458.2465277777778,2
"Groveland, MA",3,1417.3611111111113,38
"Groveland, MA",4,1462.8802083333335,28
"Groveland, MA",5,942.0,4
"Groveland, MA",6,1570.0,1
"Groveland, MA",7,835.4642857142857,1
"Hadley, MA",3,1087.8791666666666,27
"Hadley, MA",4,1177.8434375000002,15
"Hadley, MA",5,1283.3435125,4
"Halifax, MA",3,1150.2430555555557,54
"Halifax, MA",4,1167.6875,22
"Hamilton, MA",3,1561.2777777777778,28
"Hamilton, MA",4,1441.2927083333334,24
"Hamilton, MA",5,1178.8083333333334,5
"Hampden, MA",3,866.7708333333334,42
"Hampden, MA",4,829.15625,32
"Hampden, MA",5,572.3958333333334,4
"Hampden, MA",6,501.5277777777779,1
"Hancock, MA",3,523.3333333333335,2
"Hancock, MA",4,727.7604166666667,1
"Hanover, MA",3,1444.6180555555557,68
"Hanover, MA",4,1332.8645833333335,55
"Hanover, MA",5,1216.75,17
"Hanover, MA",6,708.5715277777779,1
"Hanson, MA",3,1313.7847222222224,65
"Hanson, MA",4,1234.6578125,46
"Hanson, MA",5,1144.7916666666667,7
"Hanson, MA",6,716.8576388888889,2
"Hardwick, MA",3,970.3472222222222,18
"Hardwick, MA",4,742.4791666666666,4
"Harvard, MA",3,1504.5833333333335,16
"Harvard, MA",4,1408.09375,24
"Harvard, MA",5,1527.4791666666667,4
"Harwich, MA",3,1503.4930555555557,82
"Harwich, MA",4,1237.1927083333335,38
"Harwich, MA",5,1295.151875,5
"Hatfield, MA",3,1104.9965277777778,18
"Hatfield, MA",4,915.6697916666667,5
"Hatfield, MA",5,438.2916666666667,1
"Hatfield, MA",6,937.638888888889,1
"Haverhill, MA",3,1221.1111111111113,337
"Haverhill, MA",4,1226.5625,114
"Haverhill, MA",5,981.25,17
"Haverhill, MA",6,839.5138888888889,5
"Hawley, MA",3,926.7361111111112,3
"Hawley, MA",4,1119.0338541666667,1
"Heath, MA",3,697.7777777777778,10
"Heath, MA",4,932.1875,1
"Hingham, MA",3,1686.6597222222222,16
"Hingham, MA",4,1655.859375,18
"Hingham, MA",5,1439.1666666666667,5
"Hingham, MA",6,937.638888888889,1
"Hinsdale, MA",3,632.3611111111112,1
"Hinsdale, MA",4,735.5899739583333,4
"Hinsdale, MA",5,732.6666666666667,3
"Holbrook, MA",3,1160.0555555555557,99
"Holbrook, MA",4,1080.9286458333336,26
"Holbrook, MA",5,886.3958333333334,8
"Holden, MA",3,1174.2291666666667,139
"Holden, MA",4,1120.2604166666667,111
"Holden, MA",5,830.7916666666667,7
"Holden, MA",6,1039.0347222222222,2
"Holland, MA",3,887.4861111111112,41
"Holland, MA",4,657.4375,10
"Holland, MA",5,811.1666666666667,1
"Holland, MA",6,522.2430555555557,1
"Holland, MA",7,661.1755952380952,1
"Holliston, MA",3,1417.3611111111113,87
"Holliston, MA",4,1295.9859375,82
"Holliston, MA",5,1481.6875,8
"Holliston, MA",6,1580.9027777777778,1
"Holliston, MA",7,856.0238095238094,2
"Holyoke, MA",3,719.5833333333334,115
"Holyoke, MA",4,597.7447916666667,48
"Holyoke, MA",5,588.75,1
"Holyoke, MA",6,430.65972222222223,6
"Holyoke, MA",7,343.4375,2
"Hopedale, MA",3,1220.8930555555557,41
"Hopedale, MA",4,1140.703125,24
"Hopedale, MA",5,981.25,3
"Hopkinton, MA",3,1548.1944444444446,42
"Hopkinton, MA",4,1567.546875,56
"Hopkinton, MA",5,1635.4166666666665,7
"Hopkinton, MA",6,981.1409722222223,1
"Hubbardston, MA",3,1052.1180555555557,40
"Hubbardston, MA",4,903.5677083333334,12
"Hubbardston, MA",5,752.2916666666667,1
"Hubbardston, MA",7,471.93452380952385,1
"Hudson, MA",3,1272.8993055555557,120
"Hudson, MA",4,1120.2604166666667,81
"Hudson, MA",5,1088.5333333333335,19
"Hudson, MA",6,1362.8472222222224,1
"Hull, MA",3,1373.75,43
"Hull, MA",4,1091.640625,16
"Hull, MA",5,1020.5,2
"Hull, MA",6,883.125,3
"Huntington, MA",3,981.25,9
"Huntington, MA",4,580.4911458333333,4
"Ipswich, MA",3,1459.8819444444446,58
"Ipswich, MA",4,1328.7760416666667,22
"Ipswich, MA",5,1635.4166666666665,5
"Ipswich, MA",6,1428.2638888888891,1
"Kingston, MA",3,1362.8472222222224,74
"Kingston, MA",4,1457.9739583333335,50
"Kingston, MA",5,1252.7291666666667,6
"Kingston, MA",6,894.0277777777777,1
"Lakeville, MA",3,1221.1111111111113,101
"Lakeville, MA",4,1206.1197916666667,52
"Lakeville, MA",5,1262.5416666666667,7
"Lancaster, MA",3,1188.29375,48
"Lancaster, MA",4,1207.7552083333335,34
"Lancaster, MA",5,918.45,4
"Lanesborough, MA",3,741.3888888888889,7
"Lanesborough, MA",4,686.875,6
"Lanesborough, MA",5,771.9166666666667,1
"Lawrence, MA",3,1199.3055555555557,116
"Lawrence, MA",4,944.453125,40
"Lawrence, MA",5,935.4583333333334,1
"Lawrence, MA",6,930.0069444444443,9
"Lawrence, MA",7,770.9821428571429,2
"Lee, MA",3,721.7638888888889,3
"Lee, MA",4,788.2708333333333,1
"Lee, MA",6,801.3541666666667,1
"Leicester, MA",3,926.7361111111112,90
"Leicester, MA",4,834.0625,36
"Leicester, MA",5,791.5416666666667,7
"Leicester, MA",6,708.6805555555557,1
"Lenox, MA",3,1535.9964166666668,2
"Leominster, MA",3,1068.4722222222224,242
"Leominster, MA",4,952.6302083333334,96
"Leominster, MA",5,719.5833333333334,19
"Leominster, MA",6,654.1666666666667,6
"Leverett, MA",3,1284.8923611111113,12
"Leverett, MA",4,968.984375,12
"Lexington, MA",3,1700.8333333333335,7
"Lexington, MA",4,1750.1411458333332,14
"Lexington, MA",5,1584.3916666666667,1
"Lexington, MA",6,1319.2361111111113,1
"Leyden, MA",3,1112.0833333333335,6
"Leyden, MA",4,883.125,2
"Lincoln, MA",3,1679.0277777777778,13
"Lincoln, MA",4,1570.0,5
"Lincoln, MA",5,1246.1875,2
"Littleton, MA",3,1420.6319444444446,39
"Littleton, MA",4,1458.7098958333333,33
"Littleton, MA",5,1477.1083333333333,5
"Littleton, MA",6,817.7083333333333,1
"Longmeadow, MA",3,1009.5972222222224,135
"Longmeadow, MA",4,1022.1354166666667,103
"Longmeadow, MA",5,974.0541666666667,24
"Longmeadow, MA",6,1419.9597881944446,2
"Lowell, MA",3,1171.9395833333333,298
"Lowell, MA",4,981.25,112
"Lowell, MA",5,824.25,22
"Lowell, MA",6,790.4513888888889,14
"Lowell, MA",7,696.173511904762,2
"Ludlow, MA",3,801.8993055555557,184
"Ludlow, MA",4,720.4010416666667,73
"Ludlow, MA",5,660.7083333333334,10
"Ludlow, MA",7,544.360119047619,2
"Lunenburg, MA",3,1123.9673611111114,128
"Lunenburg, MA",4,1202.03125,46
"Lunenburg, MA",5,848.4541666666667,6
"Lunenburg, MA",6,883.125,3
"Lynn, MA",3,1330.1388888888891,218
"Lynn, MA",4,1087.5520833333335,68
"Lynn, MA",5,955.0833333333334,11
"Lynn, MA",6,992.1527777777777,3
"Lynn, MA",7,981.25,3
"Lynnfield, MA",3,1591.8055555555559,29
"Lynnfield, MA",4,1590.4427083333333,32
"Lynnfield, MA",5,1390.1041666666667,6
"Lynnfield, MA",6,1441.8651041666667,2
"Malden, MA",3,1504.5833333333335,67
"Malden, MA",4,1327.9583333333335,32
"Malden, MA",5,1177.5,7
"Malden, MA",6,1144.7916666666667,7
"Malden, MA",7,934.5238095238096,3
"Manchester, MA",3,1689.9305555555559,5
"Manchester, MA",4,1471.875,7
"Manchester, MA",5,1668.1269625,2
"Mansfield, MA",3,1373.75,79
"Mansfield, MA",4,1398.28125,77
"Mansfield, MA",5,1322.0708333333334,14
"Mansfield, MA",6,801.3541666666667,5
"Marblehead, MA",3,1559.0972222222224,37
"Marblehead, MA",4,1480.0520833333335,34
"Marblehead, MA",5,1337.7708333333335,8
"Marion, MA",3,1381.6032708333332,26
"Marion, MA",4,1103.90625,19
"Marion, MA",5,948.5416666666667,5
"Marlborough, MA",3,1253.8194444444446,198
"Marlborough, MA",4,1188.9479166666667,152
"Marlborough, MA",5,1157.875,20
"Marlborough, MA",6,1090.2777777777778,3
"Marshfield, MA",3,1504.5833333333335,122
"Marshfield, MA",4,1430.9895833333335,78
"Marshfield, MA",5,1174.2291666666667,10
"Marshfield, MA",6,928.0989583333335,2
"Marshfield, MA",7,871.4434523809525,2
"Mashpee, MA",3,1389.013888888889,118
"Mashpee, MA",4,1157.875,32
"Mashpee, MA",5,1432.625,4
"Mashpee, MA",6,981.25,3
"Mattapoisett, MA",3,1384.6527777777778,40
"Mattapoisett, MA",4,1257.6354166666667,25
"Mattapoisett, MA",5,1279.4845833333334,4
"Maynard, MA",3,1302.8819444444448,80
"Maynard, MA",4,1341.0416666666667,31
"Maynard, MA",5,824.25,3
"Maynard, MA",6,823.1597222222222,2
"Medfield, MA",3,1553.6458333333335,26
"Medfield, MA",4,1584.71875,46
"Medfield, MA",5,1570.0,11
"Medfield, MA",6,1744.4444444444448,1
"Medford, MA",3,1580.7937500000003,62
"Medford, MA",4,1556.9166666666665,37
"Medford, MA",5,1622.3333333333335,11
"Medford, MA",6,1305.607638888889,2
"Medford, MA",7,1177.032738095238,2
"Medway, MA",3,1264.7222222222224,65
"Medway, MA",4,1324.6875,83
"Medway, MA",5,1190.5833333333335,13
"Medway, MA",6,1330.1388888888891,3
"Melrose, MA",3,1607.0694444444446,37
"Melrose, MA",4,1434.2604166666667,23
"Melrose, MA",5,1416.2708333333335,6
"Melrose, MA",6,1274.5347222222224,6
"Melrose, MA",7,1294.3154761904764,1
"Mendon, MA",3,1471.875,41
"Mendon, MA",4,1349.21875,50
"Mendon, MA",5,1308.3333333333335,7
"Merrimac, MA",3,1354.9721458333333,40
"Merrimac, MA",4,1309.1510416666667,17
"Merrimac, MA",6,1097.0920138888891,2
"Methuen, MA",3,1297.4305555555559,302
"Methuen, MA",4,1128.4375,163
"Methuen, MA",5,943.3083333333334,26
"Methuen, MA",6,790.4513888888889,9
"Middleboro, MA",3,1226.5625000000002,204
"Middleboro, MA",4,1185.5953125,72
"Middleboro, MA",5,1074.566875,4
"Middleboro, MA",6,741.334375,2
"Middlefield, MA",3,828.6111111111112,3
"Middleton, MA",3,1559.0972222222224,33
"Middleton, MA",4,1584.71875,13
"Middleton, MA",5,964.8958333333334,4
"Milford, MA",3,1210.2083333333335,156
"Milford, MA",4,1095.7291666666667,112
"Milford, MA",5,971.4375,6
"Milford, MA",6,834.0625,1
"Millbury, MA",3,1035.7638888888891,115
"Millbury, MA",4,1071.1979166666667,52
"Millbury, MA",5,752.2916666666667,5
"Millbury, MA",6,790.4513888888889,1
"Millis, MA",3,1313.7847222222224,60
"Millis, MA",4,1311.6041666666667,66
"Millis, MA",5,1033.5833333333335,12
"Millis, MA",6,814.9281249999999,2
"Millis, MA",7,700.8928571428572,1
"Millville, MA",3,1177.5,19
"Millville, MA",4,1018.046875,16
"Milton, MA",3,1673.576388888889,22
"Milton, MA",4,1488.2381614583335,44
"Milton, MA",5,1471.875,6
"Milton, MA",6,1199.3055555555557,3
"Milton, MA",7,1150.8660714285713,1
"Monroe, MA",3,1635.4166666666665,1
"Monson, MA",3,888.5763888888889,68
"Monson, MA",4,850.4166666666667,33
"Monson, MA",5,708.4625,5
"Montague, MA",3,730.4861111111112,35
"Montague, MA",4,617.2880208333333,16
"Montague, MA",6,497.43923611111114,2
"Montgomery, MA",3,1253.8194444444446,7
"Montgomery, MA",4,932.0239583333333,3
"Montgomery, MA",5,718.275,1
"Nahant, MA",3,1574.3611111111113,5
"Nahant, MA",4,1381.9270833333335,3
"Nahant, MA",5,1766.25,1
"Nahant, MA",6,1744.4444444444448,1
"Natick, MA",3,1579.8125,92
"Natick, MA",4,1459.609375,96
"Natick, MA",5,1439.1666666666667,17
"Natick, MA",6,1272.8993055555559,3
"Needham, MA",3,1559.0972222222224,5
"Needham, MA",4,1635.4166666666665,15
"Needham, MA",5,1658.3125,4
"Needham, MA",6,1635.4166666666665,1
"Needham, MA",7,1728.8690476190475,1
"New Bedford, MA",3,1003.0555555555558,217
"New Bedford, MA",4,791.5416666666667,49
"New Bedford, MA",5,680.3333333333334,5
"New Bedford, MA",6,594.2013888888889,4
"New Braintree, MA",3,1079.375,5
"New Marlboro, MA",3,1493.6805555555559,1
"New Salem, MA",3,933.2777777777777,9
"New Salem, MA",4,891.3020833333334,3
"Newbury, MA",3,1531.8402777777778,18
"Newbury, MA",4,1426.9010416666667,20
"Newbury, MA",5,1422.8125,4
"Newburyport, MA",3,1580.9027777777778,28
"Newburyport, MA",4,1570.0,9
"Newburyport, MA",5,1439.1666666666667,9
"Newburyport, MA",6,1450.0694444444446,1
"Newton, MA",3,1646.3194444444446,11
"Newton, MA",4,1561.8229166666665,9
"Newton, MA",5,1615.7916666666665,9
"Newton, MA",6,1520.9375,6
"Newton, MA",7,1287.3065476190477,2
"Norfolk, MA",3,1471.875,56
"Norfolk, MA",4,1414.6354166666667,105
"Norfolk, MA",5,1697.5625,4
"North Adams, MA",3,606.1944444444446,9
"North Adams, MA",4,529.0572916666667,2
"North Andover, MA",3,1365.572916666667,118
"North Andover, MA",4,1478.0078125,132
"North Andover, MA",5,1504.5833333333335,21
"North Andover, MA",6,986.7013888888889,4
"North Andover, MA",7,934.6060476190478,1
"North Attleboro, MA",3,1264.7222222222224,148
"North Attleboro, MA",4,1229.8333333333335,112
"North Attleboro, MA",5,1089.8416666666667,17
"North Attleboro, MA",6,963.8055555555558,1
"North Brookfield, MA",3,986.7013888888889,42
"North Brookfield, MA",4,932.1875,9
"North Brookfield, MA",5,588.75,1
"North Reading, MA",3,1526.3888888888891,59
"North Reading, MA",4,1427.71875,34
"North Reading, MA",5,1085.9166666666667,5
"North Reading, MA",6,935.4583333333335,2
"Northampton, MA",3,934.3680555555557,114
"Northampton, MA",4,1153.7864583333335,56
"Northampton, MA",5,902.75,10
"Northampton, MA",6,1777.4526041666668,1
"Northborough, MA",3,1319.2361111111113,87
"Northborough, MA",4,1306.6979166666667,99
"Northborough, MA",5,1105.5416666666667,7
"Northborough, MA",6,1188.4027777777778,2
"Northbridge, MA",3,1031.4027777777778,96
"Northbridge, MA",4,1161.1458333333335,87
"Northbridge, MA",5,974.7083333333334,11
"Northbridge, MA",6,697.7777777777779,3
"Northfield, MA",3,883.125,25
"Northfield, MA",4,654.0031250000001,7
"Northfield, MA",7,1570.0,1
"Norton, MA",3,1253.8194444444446,130
"Norton, MA",4,1242.9166666666667,71
"Norton, MA",5,1487.5749999999998,2
"Norton, MA",6,1362.8472222222224,3
"Norwell, MA",3,1672.4861111111113,31
"Norwell, MA",4,1475.1458333333335,22
"Norwell, MA",5,1753.1666666666667,5
"Norwell, MA",6,1777.152777777778,1
"Norwood, MA",3,1511.6701388888891,120
"Norwood, MA",4,1275.625,55
"Norwood, MA",5,1308.3333333333335,15
"Norwood, MA",6,1095.7291666666667,3
"Norwood, MA",7,1245.2529761904761,2
"Oak Bluffs, MA",3,1771.7013888888891,2
"Oak Bluffs, MA",6,1308.3333333333335,1
"Oakham, MA",3,1008.5069444444446,10
"Oakham, MA",4,981.25,8
"Orange, MA",3,758.8333333333335,64
"Orange, MA",4,629.6354166666667,8
"Orange, MA",5,454.64583333333337,2
"Orange, MA",6,106.30208333333334,1
"Orleans, MA",3,1635.4166666666665,11
"Orleans, MA",4,1347.5833333333335,5
"Orleans, MA",5,1373.75,1
"Otis, MA",3,828.6111111111112,13
"Otis, MA",4,1030.3125,2
"Oxford, MA",3,981.25,146
"Oxford, MA",4,836.1067708333334,42
"Oxford, MA",5,713.0416666666667,6
"Oxford, MA",6,566.9444444444446,1
"Palmer, MA",3,769.1909722222223,94
"Palmer, MA",4,613.28125,37
"Palmer, MA",5,565.8541666666667,2
"Palmer, MA",6,449.19444444444446,2
"Paxton, MA",3,1013.9583333333334,35
"Paxton, MA",4,1144.7916666666667,32
"Paxton, MA",5,981.1845833333334,4
"Paxton, MA",6,1008.5069444444443,1
"Peabody, MA",3,1439.057638888889,224
"Peabody, MA",4,1246.1875,141
"Peabody, MA",5,1105.5416666666667,30
"Peabody, MA",6,981.25,7
"Pelham, MA",3,1234.1944444444446,10
"Pelham, MA",4,850.253125,7
"Pelham, MA",5,870.0416666666667,3
"Pembroke, MA",3,1275.625,133
"Pembroke, MA",4,1267.4479166666667,60
"Pembroke, MA",5,1206.5122916666667,8
"Pepperell, MA",3,1232.0138888888891,93
"Pepperell, MA",4,1128.4375,78
"Pepperell, MA",5,919.0387499999999,4
"Pepperell, MA",6,1070.6527777777776,1
"Pepperell, MA",7,1688.4508928571433,1
"Peru, MA",3,904.9305555555558,3
"Petersham, MA",3,1057.5694444444443,7
"Petersham, MA",4,801.3541666666667,5
"Phillipston, MA",3,1122.9861111111113,29
"Phillipston, MA",4,932.1875,10
"Phillipston, MA",5,809.53125,1
"Phillipston, MA",6,872.2222222222224,1
"Pittsfield, MA",3,632.3611111111112,57
"Pittsfield, MA",4,604.940625,23
"Pittsfield, MA",5,1033.5833333333335,1
"Pittsfield, MA",6,257.3055555555556,2
"Plainfield, MA",3,926.7361111111112,5
"Plainfield, MA",4,845.5104166666667,1
"Plainville, MA",3,1210.2083333333335,46
"Plainville, MA",4,1259.2708333333335,36
"Plainville, MA",5,1092.4583333333335,3
"Plymouth, MA",3,1341.0416666666667,509
"Plymouth, MA",4,1222.4739583333335,204
"Plymouth, MA",5,1095.7291666666667,18
"Plymouth, MA",6,854.5052083333333,2
"Plympton, MA",3,1351.9444444444446,17
"Plympton, MA",4,1153.3776041666667,10
"Plympton, MA",5,1131.7083333333335,3
"Princeton, MA",3,1188.4027777777778,26
"Princeton, MA",4,1216.6682291666666,24
"Princeton, MA",5,850.4166666666667,1
"Quincy, MA",3,1526.3888888888891,204
"Quincy, MA",4,1324.6875,78
"Quincy, MA",5,1269.0833333333335,21
"Quincy, MA",6,1158.4201388888891,8
"Quincy, MA",7,1074.702380952381,3
"Randolph, MA",3,1232.0138888888891,183
"Randolph, MA",4,1103.90625,82
"Randolph, MA",5,863.5,19
"Randolph, MA",6,992.1527777777778,10
"Randolph, MA",7,773.3184523809524,2
"Raynham, MA",3,1275.625,106
"Raynham, MA",4,1210.2083333333335,77
"Raynham, MA",5,1234.7395833333335,10
"Raynham, MA",6,763.1944444444446,1
"Raynham, MA",7,668.184523809524,1
"Reading, MA",3,1580.9027777777778,73
"Reading, MA",4,1439.1666666666667,55
"Reading, MA",5,1358.05,14
"Reading, MA",6,1034.6736111111113,3
"Rehoboth, MA",3,1244.0069444444446,89
"Rehoboth, MA",4,1327.9583333333335,65
"Rehoboth, MA",5,881.8166666666666,15
"Revere, MA",3,1417.3611111111113,129
"Revere, MA",4,1291.9791666666667,83
"Revere, MA",5,1142.1750000000002,50
"Revere, MA",6,1000.875,25
"Revere, MA",7,948.5416666666667,1
"Richmond, MA",3,1502.4027777777778,1
"Richmond, MA",4,1422.8125,1
"Rochester, MA",3,1444.6180555555557,40
"Rochester, MA",4,1283.8020833333335,21
"Rochester, MA",5,1412.0187500000002,2
"Rockland, MA",3,1188.4027777777778,120
"Rockland, MA",4,1079.375,49
"Rockland, MA",5,959.0083333333333,5
"Rockland, MA",6,714.1319444444446,1
"Rockport, MA",3,1646.3194444444443,20
"Rockport, MA",4,1471.875,7
"Rockport, MA",6,1071.1979166666667,2
"Rowe, MA",3,1253.8194444444446,1
"Rowley, MA",3,1418.4513888888891,16
"Rowley, MA",4,1565.8296875,28
"Rowley, MA",5,1223.2916666666667,3
"Royalston, MA",3,887.4861111111112,9
"Royalston, MA",5,474.27083333333337,2
"Russell, MA",3,785.0,13
"Russell, MA",4,662.34375,6
"Russell, MA",5,841.2583333333333,1
"Rutland, MA",3,1133.8888888888891,95
"Rutland, MA",4,1076.921875,58
"Rutland, MA",5,791.47625,4
"Rutland, MA",6,937.529861111111,1
"Salem, MA",3,1392.2847222222226,110
"Salem, MA",4,1243.734375,56
"Salem, MA",5,1180.1166666666666,3
"Salem, MA",7,905.3199404761906,4
"Salisbury, MA",3,1417.3611111111113,51
"Salisbury, MA",4,1177.5,28
"Salisbury, MA",5,1083.3,9
"Salisbury, MA",6,1689.9305555555559,1
"Salisbury, MA",7,672.8571428571429,1
"Sandisfield, MA",3,858.5937500000001,6
"Sandwich, MA",3,1405.3680555555557,180
"Sandwich, MA",4,1143.15625,87
"Sandwich, MA",5,1373.75,7
"Sandwich, MA",6,981.25,3
"Saugus, MA",3,1432.625,135
"Saugus, MA",4,1233.1041666666667,74
"Saugus, MA",5,1236.375,19
"Saugus, MA",6,991.607638888889,4
"Savoy, MA",3,796.4479166666667,4
"Scituate, MA",3,1570.0,47
"Scituate, MA",4,1422.8125,43
"Scituate, MA",5,1471.875,10
"Scituate, MA",6,1014.5034722222224,2
"Seekonk, MA",3,1226.5625000000002,116
"Seekonk, MA",4,1040.5338541666667,50
"Seekonk, MA",5,1242.9166666666667,10
"Seekonk, MA",6,850.4166666666667,1
"Sharon, MA",3,1488.229166666667,90
"Sharon, MA",4,1398.28125,56
"Sharon, MA",5,1137.5958333333333,4
"Shelburne, MA",3,1004.1458333333334,7
"Shelburne, MA",5,861.5375,1
"Shelburne, MA",6,834.0625,1
"Sherborn, MA",3,1662.6736111111113,2
"Sherborn, MA",4,1635.4166666666665,7
"Shirley, MA",3,1122.9861111111113,44
"Shirley, MA",4,1144.7916666666667,27
"Shirley, MA",5,1036.8541666666667,2
"Shrewsbury, MA",3,1286.4187500000003,170
"Shrewsbury, MA",4,1296.0677083333335,150
"Shrewsbury, MA",5,1373.75,42
"Shrewsbury, MA",6,1308.3333333333335,7
"Shrewsbury, MA",7,490.625,1
"Shutesbury, MA",3,832.4270833333335,20
"Shutesbury, MA",4,981.25,5
"Somerset, MA",3,1057.5694444444443,195
"Somerset, MA",4,936.2760416666667,58
"Somerset, MA",5,876.5833333333334,8
"Somerset, MA",6,839.5138888888889,2
"Somerset, MA",7,565.3869047619048,1
"Somerville, MA",3,1717.1875000000005,6
"Somerville, MA",4,1797.3229166666667,3
"Somerville, MA",5,1700.8333333333335,5
"Somerville, MA",6,1428.2638888888891,4
"South Hadley, MA",3,876.5833333333334,129
"South Hadley, MA",4,747.3854166666667,69
"South Hadley, MA",5,745.75,13
"South Hadley, MA",6,509.7048611111112,2
"Southampton, MA",3,1144.7916666666667,47
"Southampton, MA",4,1045.03125,25
"Southampton, MA",5,872.6583333333334,3
"Southborough, MA",3,1526.3888888888891,21
"Southborough, MA",4,1545.46875,50
"Southborough, MA",5,1570.0,5
"Southbridge, MA",3,820.4340277777778,98
"Southbridge, MA",4,645.9895833333334,30
"Southbridge, MA",5,626.4627083333334,6
"Southbridge, MA",6,496.07638888888886,7
"Southwick, MA",3,937.638888888889,77
"Southwick, MA",4,940.3645833333334,44
"Southwick, MA",5,961.625,8
"Southwick, MA",6,708.6805555555557,1
"Spencer, MA",3,948.5416666666667,87
"Spencer, MA",4,923.9286458333333,32
"Spencer, MA",5,813.7833333333333,6
"Springfield, MA",3,673.7916666666667,602
"Springfield, MA",4,564.21875,238
"Springfield, MA",5,484.08333333333337,25
"Springfield, MA",6,470.1822916666667,54
"Springfield, MA",7,499.97023809523813,1
"Sterling, MA",3,1221.1111111111113,44
"Sterling, MA",4,1193.6906250000002,45
"Stockbridge, MA",3,1090.2777777777778,1
"Stoneham, MA",3,1580.9027777777778,75
"Stoneham, MA",4,1467.7864583333335,42
"Stoneham, MA",5,1138.25,7
"Stoneham, MA",6,1125.7118055555557,4
"Stoneham, MA",7,747.6190476190477,1
"Stoughton, MA",3,1248.3680555555557,201
"Stoughton, MA",4,1158.6927083333335,108
"Stoughton, MA",5,1151.3333333333335,21
"Stoughton, MA",6,801.3541666666667,1
"Stoughton, MA",7,1495.2380952380954,1
"Stow, MA",3,1548.1944444444446,36
"Stow, MA",4,1373.75,39
"Stow, MA",5,1618.4083333333333,2
"Sturbridge, MA",3,1041.10625,88
"Sturbridge, MA",4,923.1927083333334,68
"Sturbridge, MA",5,1074.1416666666667,6
"Sudbury, MA",3,1591.8055555555559,34
"Sudbury, MA",4,1583.0015624999999,60
"Sudbury, MA",5,1471.2208333333333,18
"Sunderland, MA",3,943.0902777777778,16
"Sunderland, MA",4,817.7083333333333,1
"Sunderland, MA",5,826.3106250000001,2
"Sunderland, MA",6,470.4548611111112,1
"Sutton, MA",3,1275.4069444444444,53
"Sutton, MA",4,1226.5625,37
"Sutton, MA",5,1223.2916666666667,4
"Swampscott, MA",3,1490.4097222222222,20
"Swampscott, MA",4,1193.8541666666667,19
"Swampscott, MA",5,1356.0875,3
"Swansea, MA",3,1066.2916666666667,121
"Swansea, MA",4,1079.375,31
"Swansea, MA",5,915.7679166666667,4
"Swansea, MA",6,697.7777777777779,1
"Taunton, MA",3,1090.16875,402
"Taunton, MA",4,1020.5,85
"Taunton, MA",5,883.125,15
"Taunton, MA",6,809.53125,4
"Templeton, MA",3,989.9722222222224,71
"Templeton, MA",4,940.3645833333334,20
"Templeton, MA",5,847.1458333333334,2
"Tewksbury, MA",3,1417.3611111111113,213
"Tewksbury, MA",4,1210.2083333333335,151
"Tewksbury, MA",5,1027.0416666666667,13
"Tewksbury, MA",6,934.9131944444446,4
"Tewksbury, MA",7,824.7172619047619,4
"Tisbury, MA",3,1308.3333333333335,1
"Tisbury, MA",4,1635.4166666666667,2
"Tolland, MA",3,883.125,13
"Tolland, MA",4,821.796875,3
"Topsfield, MA",3,1638.6875,12
"Topsfield, MA",4,1548.7395833333335,31
"Topsfield, MA",5,1275.625,7
"Topsfield, MA",6,1411.8552083333334,2
"Townsend, MA",3,1102.2708333333335,106
"Townsend, MA",4,989.4270833333334,31
"Townsend, MA",5,671.8291666666667,2
"Townsend, MA",6,692.3263888888889,1
"Truro, MA",3,1061.9305555555557,4
"Truro, MA",5,1406.4583333333335,1
"Tyngsborough, MA",3,1357.3958333333335,72
"Tyngsborough, MA",4,1276.4427083333335,46
"Tyngsborough, MA",5,958.28875,4
"Upton, MA",3,1349.5196666666668,39
"Upton, MA",4,1337.7708333333335,42
"Upton, MA",5,1157.875,5
"Upton, MA",7,859.7619047619047,1
"Uxbridge, MA",3,1155.6944444444446,157
"Uxbridge, MA",4,1193.8541666666667,85
"Uxbridge, MA",5,915.8267916666666,4
"Uxbridge, MA",6,899.4791666666667,1
"Uxbridge, MA",7,598.0952380952381,1
"Wakefield, MA",3,1566.7291666666667,92
"Wakefield, MA",4,1444.0729166666667,63
"Wakefield, MA",5,1190.5833333333335,9
"Wakefield, MA",6,1049.3923611111113,4
"Wakefield, MA",7,1027.9761904761904,1
"Wales, MA",3,804.625,12
"Wales, MA",4,874.784375,5
"Walpole, MA",3,1371.5694444444446,105
"Walpole, MA",4,1364.4281250000001,71
"Walpole, MA",5,1229.8333333333335,18
"Walpole, MA",6,1308.3333333333335,4
"Waltham, MA",3,1591.8055555555559,93
"Waltham, MA",4,1471.875,74
"Waltham, MA",5,1504.5833333333335,11
"Waltham, MA",6,1245.6423611111113,4
"Ware, MA",3,773.5520833333334,62
"Ware, MA",4,714.6770833333334,21
"Ware, MA",5,769.3,2
"Ware, MA",6,403.4027777777778,2
"Wareham, MA",3,1068.4722222222224,189
"Wareham, MA",4,972.2552083333334,58
"Wareham, MA",5,1177.2383333333335,7
"Wareham, MA",6,1078.2847222222224,3
"Wareham, MA",7,899.4791666666667,2
"Warren, MA",3,945.2708333333334,52
"Warren, MA",4,771.9166666666667,10
"Warren, MA",5,595.2916666666667,3
"Warwick, MA",3,817.7083333333333,3
"Warwick, MA",4,758.4244791666667,2
"Washington, MA",3,196.25,1
"Watertown, MA",3,1639.7777777777778,45
"Watertown, MA",4,1471.875,21
"Watertown, MA",5,1634.1083333333333,5
"Watertown, MA",6,1321.9618055555557,6
"Watertown, MA",7,1415.8035714285716,1
"Wayland, MA",3,1633.2361111111113,19
"Wayland, MA",4,1594.53125,25
"Wayland, MA",5,1229.8333333333335,1
"Webster, MA",3,944.1805555555558,135
"Webster, MA",4,801.3541666666667,57
"Webster, MA",5,699.9583333333334,7
"Webster, MA",6,545.1934027777778,4
"Webster, MA",7,607.3470238095239,3
"Wellesley, MA",3,1722.6388888888891,2
"Wellesley, MA",4,1733.5416666666667,3
"Wellesley, MA",7,1700.8333333333335,1
"Wellfleet, MA",3,1310.5138888888891,9
"Wellfleet, MA",4,1181.915625,6
"Wellfleet, MA",6,850.4166666666667,1
"Wenham, MA",3,1716.6423611111113,8
"Wenham, MA",4,1532.3854166666667,11
"Wenham, MA",5,1288.7083333333335,3
"Wenham, MA",6,1262.9505208333335,2
"West Boylston, MA",3,1114.2638888888891,69
"West Boylston, MA",4,1063.0208333333335,30
"West Boylston, MA",5,1030.3125,2
"West Bridgewater, MA",3,1248.3680555555557,50
"West Bridgewater, MA",4,1406.4583333333335,30
"West Bridgewater, MA",5,647.625,1
"West Bridgewater, MA",6,1078.2847222222224,1
"West Brookfield, MA",3,1046.448611111111,41
"West Brookfield, MA",4,901.0328125000001,8
"West Brookfield, MA",6,690.5088958333333,1
"West Newbury, MA",3,1536.7465277777778,10
"West Newbury, MA",4,1512.7604166666667,12
"West Springfield, MA",3,774.0972222222223,139
"West Springfield, MA",4,657.4375,81
"West Springfield, MA",5,562.25625,6
"West Springfield, MA",6,468.8194444444445,3
"Westborough, MA",3,1417.3611111111113,73
"Westborough, MA",4,1308.3333333333335,63
"Westborough, MA",5,1308.9875000000002,10
"Westborough, MA",6,1062.4756944444446,4
"Westfield, MA",3,817.7083333333333,230
"Westfield, MA",4,752.2916666666667,127
"Westfield, MA",5,686.875,20
"Westfield, MA",6,397.95138888888897,1
"Westfield, MA",7,523.8005952380952,1
"Westford, MA",3,1474.6006944444446,76
"Westford, MA",4,1504.5833333333335,92
"Westford, MA",5,1177.5,11
"Westford, MA",6,953.9930555555558,1
"Westhampton, MA",3,1008.5069444444446,16
"Westhampton, MA",4,838.96875,3
"Westhampton, MA",6,616.0069444444446,1
"Westminster, MA",3,1153.5138888888891,85
"Westminster, MA",4,1071.1979166666667,46
"Westminster, MA",5,798.0833333333333,3
"Weston, MA",3,928.2624999999999,1
"Weston, MA",4,1326.3229166666667,1
"Weston, MA",5,1524.2083333333335,1
"Weston, MA",6,1798.9583333333335,1
"Westport, MA",3,1302.7729166666668,86
"Westport, MA",4,1332.8645833333335,27
"Westport, MA",5,978.6333333333334,2
"Westwood, MA",3,1631.0555555555559,15
"Westwood, MA",4,1635.4166666666665,23
"Westwood, MA",5,1439.1666666666667,7
"Weymouth, MA",3,1384.6527777777778,318
"Weymouth, MA",4,1195.8984375,158
"Weymouth, MA",5,1030.2470833333334,14
"Weymouth, MA",6,1041.2152777777778,6
"Weymouth, MA",7,1427.017857142857,1
"Whately, MA",3,1242.9166666666667,7
"Whately, MA",4,1283.8020833333335,1
"Whately, MA",6,837.3333333333334,1
"Whitman, MA",3,1166.5972222222224,81
"Whitman, MA",4,986.9739583333334,26
"Whitman, MA",5,981.25,7
"Whitman, MA",6,1063.0208333333335,1
"Wilbraham, MA",3,926.7361111111112,109
"Wilbraham, MA",4,869.2239583333334,146
"Wilbraham, MA",5,902.75,21
"Wilbraham, MA",6,523.3333333333334,3
"Wilbraham, MA",7,1098.0654761904761,1
"Williamsburg, MA",3,1035.7638888888891,9
"Williamsburg, MA",4,1175.4557291666667,10
"Williamsburg, MA",5,1293.9416666666666,1
"Williamstown, MA",3,626.3645833333335,6
"Williamstown, MA",4,588.75,3
"Williamstown, MA",5,1170.9583333333335,1
"Wilmington, MA",3,1526.3888888888891,153
"Wilmington, MA",4,1393.375,54
"Wilmington, MA",5,1058.4416666666666,4
"Wilmington, MA",6,1232.0138888888891,3
"Wilmington, MA",7,668.184523809524,1
"Winchendon, MA",3,937.638888888889,106
"Winchendon, MA",4,719.5833333333334,27
"Winchendon, MA",5,804.625,3
"Winchendon, MA",6,1417.3611111111113,1
"Winchester, MA",3,1609.25,5
"Winchester, MA",4,1659.9479166666665,11
"Winchester, MA",5,1588.9708333333333,4
"Winchester, MA",6,1654.4965277777778,3
"Windsor, MA",3,1090.2777777777778,2
"Windsor, MA",4,650.078125,3
"Winthrop, MA",3,1471.875,21
"Winthrop, MA",4,1447.34375,10
"Winthrop, MA",5,1256.0,5
"Winthrop, MA",6,997.6041666666667,2
"Woburn, MA",3,1498.041666666667,142
"Woburn, MA",4,1406.4583333333335,92
"Woburn, MA",5,1182.40625,24
"Woburn, MA",6,1204.7569444444446,7
"Worcester, MA",3,992.1527777777777,558
"Worcester, MA",4,897.84375,188
"Worcester, MA",5,876.5833333333334,22
"Worcester, MA",6,719.5833333333334,11
"Worcester, MA",7,712.5744047619048,4
"Worthington, MA",3,864.5902777777778,12
"Worthington, MA",4,523.3333333333334,3
"Wrentham, MA",3,1341.0416666666667,55
"Wrentham, MA",4,1308.3333333333335,52
"Wrentham, MA",5,1661.5833333333333,6
"Wrentham, MA",6,1081.5555555555557,2
"Yarmouth, MA",3,1357.3958333333335,226
"Yarmouth, MA",4,1112.0833333333335,65
"Yarmouth, MA",5,1635.4166666666665,3
"Yarmouth, MA",6,836.7881944444445,4
